site_code,position,start_time,end_time,data_collection,number_of_records,remarks,serial_number,file_location
EXO-01,0,16/05/2024 09:00,17/07/2024 09:00,17/07/2024,1489,NA,65068604,data/data_sensors/EXO-T01/EXO-T01-0-2024_07_17.txt
EXO-01,1,16/05/2024 09:00,17/07/2024 09:00,17/07/2024,1489,NA,65069047,data/data_sensors/EXO-T01/EXO-T01-1-2024_07_17.txt
EXO-01,2,16/05/2024 09:00,17/07/2024 09:00,17/07/2024,1489,NA,65067557,data/data_sensors/EXO-T01/EXO-T01-2-2024_07_17.txt
EXO-01,0,12/03/2024 16:00,16/05/2024 08:00,13/05/2024,1553,NA,65068604,data/data_sensors/EXO-T01/EXO-T01-0-2024_05_16.txt
EXO-01,1,12/03/2024 16:00,16/05/2024 08:00,13/05/2024,1553,NA,65069047,data/data_sensors/EXO-T01/EXO-T01-1-2024_05_16.txt
EXO-01,2,12/03/2024 16:00,16/05/2024 08:00,13/05/2024,1553,NA,65067557,data/data_sensors/EXO-T01/EXO-T01-2-2024_05_16.txt
EXO-01,0,17/07/2024 09:45,10/09/2024 10:45,10/09/2024,1322,NA,65068604,data/data_sensors/EXO-T01/EXO-T01-0-2024_09_10.txt
EXO-01,1,17/07/2024 09:45,10/09/2024 10:45,10/09/2024,1322,NA,65069047,data/data_sensors/EXO-T01/EXO-T01-1-2024_09_10.txt
EXO-01,2,17/07/2024 09:45,10/09/2024 10:45,10/09/2024,1322,NA,65067557,data/data_sensors/EXO-T01/EXO-T01-2-2024_09_10.txt
EXO-02,0,17/05/2024 09:00,17/07/2024 10:00,17/07/2024,1466,NA,65067232,data/data_sensors/EXO-T02/EXO-02-0-2024_07_17.txt
EXO-02,1,17/05/2024 09:00,17/07/2024 10:00,17/07/2024,1466,NA,65068526,data/data_sensors/EXO-T02/EXO-02-1-2024_07_17.txt
EXO-02,2,17/05/2024 09:00,17/07/2024 10:00,17/07/2024,1466,NA,65067618,data/data_sensors/EXO-T02/EXO-02-2-2024_07_17.txt
EXO-02,0,22/04/2024 12:30,17/05/2024 08:30,17/05/2024,597,NA,65067232,data/data_sensors/EXO-T02/EXO-02-0-2024_05_17.txt
EXO-02,1,20/03/2024 11:00,28/03/2024 15:00,17/05/2024,197,Battery voltage drop Logger stopped,65068526,data/data_sensors/EXO-T02/EXO-02-1-2024_05_17.txt
EXO-02,2,22/04/2024 11:30,17/05/2024 07:30,17/05/2024,597,NA,65067618,data/data_sensors/EXO-T02/EXO-02-2-2024_05_17.txt
EXO-02,0,20/03/2024 11:00,27/03/2024 17:00,22/04/2024,175,Data logger on the ground Problematic data removed,65067232,data/data_sensors/EXO-T02/EXO-02-0-2024_04_22.txt
EXO-02,2,20/03/2024 11:00,28/03/2024 23:00,22/04/2024,205,Data logger on the ground Battery replacement,65067618,data/data_sensors/EXO-T02/EXO-02-2-2024_04_22.txt
EXO-02,0,17/07/2024 10:45,25/09/2024 10:45,25/09/2024,1681,NA,65067232,data/data_sensors/EXO-T02/EXO-02-0-2024_09_25.txt
EXO-02,1,17/07/2024 10:45,25/09/2024 10:45,25/09/2024,1681,NA,65068526,data/data_sensors/EXO-T02/EXO-02-1-2024_09_25.txt
EXO-02,2,17/07/2024 10:45,25/09/2024 10:45,25/09/2024,1681,NA,65067618,data/data_sensors/EXO-T02/EXO-02-2-2024_09_25.txt
EXO-03,0,21/06/2024 13:30,18/07/2024 10:30,18/07/2024,646,NA,437,data/data_sensors/EXO-T03/EXO-03-0-2024_07_18.txt
EXO-03,1,21/06/2024 13:30,18/07/2024 10:30,18/07/2024,646,NA,67,data/data_sensors/EXO-T03/EXO-03-1-2024_07_18.txt
EXO-03,2,21/06/2024 13:30,18/07/2024 10:30,18/07/2024,646,NA,223,data/data_sensors/EXO-T03/EXO-03-2-2024_07_18.txt
EXO-03,0,20/04/2024 19:45,21/06/2024 12:45,21/06/2024,1482,NA,437,data/data_sensors/EXO-T03/EXO-03-0-2024_06_21.txt
EXO-03,1,20/04/2024 19:24,21/06/2024 12:24,21/06/2024,1482,Data logger on the ground,67,data/data_sensors/EXO-T03/EXO-03-1-2024_06_21.txt
EXO-03,2,20/04/2024 19:45,21/06/2024 12:45,21/06/2024,1482,NA,223,data/data_sensors/EXO-T03/EXO-03-2-2024_06_21.txt
EXO-04,0,04/06/2024 10:00,18/07/2024 09:00,18/07/2024,1056,NA,65068508,data/data_sensors/EXO-T04/EXO-T04-0-2024_07_18.txt
EXO-04,1,04/06/2024 10:00,18/07/2024 09:00,18/07/2024,1056,NA,65067136,data/data_sensors/EXO-T04/EXO-T04-1-2024_07_18.txt
EXO-04,2,04/06/2024 10:00,18/07/2024 09:00,18/07/2024,1056,NA,65067254,data/data_sensors/EXO-T04/EXO-T04-2-2024_07_18.txt
EXO-04,0,16/05/2024 11:00,22/05/2024 16:00,04/06/2024,150,Data logger stopped Data logger changed,65067220,data/data_sensors/EXO-T04/EXO-T04-0-2024_06_04.txt
EXO-04,1,16/05/2024 11:00,04/06/2024 10:00,04/06/2024,456,NA,65067136,data/data_sensors/EXO-T04/EXO-T04-1-2024_06_04.txt
EXO-04,2,13/05/2024 09:30,04/06/2024 09:30,04/06/2024,529,NA,65067254,data/data_sensors/EXO-T04/EXO-T04-2-2024_06_04.txt
EXO-04,0,20/03/2024 14:00,03/04/2024 20:00,16/05/2024,343,Data logger stopped,65067220,data/data_sensors/EXO-T04/EXO-T04-0-2024_05_16.txt
EXO-04,1,20/03/2024 14:00,16/05/2024 10:00,16/05/2024,1365,NA,65067136,data/data_sensors/EXO-T04/EXO-T04-1-2024_05_16.txt
EXO-04,2,20/03/2024 14:00,11/04/2024 05:00,13/05/2024,520,Data logger on the ground,65067254,data/data_sensors/EXO-T04/EXO-T04-2-2024_05_13.txt
EXO-04,0,18/07/2024 09:50,12/09/2024 14:50,12/09/2024,1350,NA,65068508,data/data_sensors/EXO-T04/EXO-04-0-2024_09_12.txt
EXO-04,1,18/07/2024 09:50,12/09/2024 14:50,12/09/2024,1350,NA,65067136,data/data_sensors/EXO-T04/EXO-04-1-2024_09_12.txt
EXO-04,2,18/07/2024 09:50,12/09/2024 14:50,12/09/2024,1350,NA,65067254,data/data_sensors/EXO-T04/EXO-04-2-2024_09_12.txt
EXO-05,0,26/06/2024 10:45,19/07/2024 09:45,19/07/2024,552,NA,757,data/data_sensors/EXO-T05/EXO-05-0-2024_07_19.txt
EXO-05,1,26/06/2024 10:50,19/07/2024 08:50,19/07/2024,551,NA,714,data/data_sensors/EXO-T05/EXO-05-1-2024_07_19.txt
EXO-05,2,26/06/2024 10:50,0024-07-19 08:50:49,19/07/2024,551,NA,405,data/data_sensors/EXO-T05/EXO-05-2-2024_07_19.txt
EXO-05,0,21/05/2024 17:45,26/06/2024 10:45,26/06/2024,858,NA,757,data/data_sensors/EXO-T05/EXO-05-0-2024_06_26.txt
EXO-05,1,21/05/2024 17:45,26/06/2024 10:45,26/06/2024,858,NA,714,data/data_sensors/EXO-T05/EXO-05-1-2024_06_26.txt
EXO-05,2,21/05/2024 17:45,26/06/2024 10:45,26/06/2024,858,NA,405,data/data_sensors/EXO-T05/EXO-05-2-2024_06_26.txt
EXO-05,0,25/03/2024 18:00,21/05/2024 16:00,21/05/2024,1367,NA,757,data/data_sensors/EXO-T05/EXO-05-0-2024_05_21.txt
EXO-05,1,25/03/2024 18:00,21/05/2024 17:00,21/05/2024,1368,NA,714,data/data_sensors/EXO-T05/EXO-05-1-2024_05_21.txt
EXO-05,2,25/03/2024 18:00,21/05/2024 17:00,21/05/2024,1368,NA,405,data/data_sensors/EXO-T05/EXO-05-2-2024_05_21.txt
EXO-05,0,19/07/2024 09:50,26/09/2024 09:50,26/09/2024,1657,NA,757,data/data_sensors/EXO-T05/EXO-05-0-2024_09_26.txt
EXO-05,1,19/07/2024 09:50,26/09/2024 09:50,26/09/2024,1657,NA,714,data/data_sensors/EXO-T05/EXO-05-1-2024_09_26.txt
EXO-05,2,19/07/2024 09:50,26/09/2024 09:50,26/09/2024,1657,NA,405,data/data_sensors/EXO-T05/EXO-05-2-2024_09_26.txt
EXO-06,0,26/06/2024 12:30,19/07/2024 10:30,19/07/2024,551,NA,65068837,data/data_sensors/EXO-T06/EXO-06-0-2024_07_19.txt
EXO-06,2,26/06/2024 12:30,19/07/2024 10:30,19/07/2024,551,NA,65067255,data/data_sensors/EXO-T06/EXO-06-2-2024_07_19.txt
EXO-06,0,28/05/2024 11:00,26/06/2024 12:00,26/06/2024,698,NA,65068837,data/data_sensors/EXO-T06/EXO-06-0-2024_06_26.txt
EXO-06,2,28/05/2024 11:00,26/06/2024 12:00,26/06/2024,698,NA,65067255,data/data_sensors/EXO-T06/EXO-06-2-2024_06_26.txt
EXO-06,0,08/04/2024 13:00,28/05/2024 10:00,28/05/2024,1198,NA,65068837,data/data_sensors/EXO-T06/EXO-06-0-2024_05_28.txt
EXO-06,1,08/04/2024 13:00,09/04/2024 12:00,28/05/2024,24,Data logger changed,65006786,data/data_sensors/EXO-T06/EXO-06-1-2024_05_28.txt
EXO-06,2,08/04/2024 13:00,19/04/2024 09:00,28/05/2024,261,Data logger changed,10221063,data/data_sensors/EXO-T06/EXO-06-2-2024_05_28.txt
EXO-06,1,19/07/2024 11:15,26/09/2024 11:15,26/09/2024,1657,NA,65067220,data/data_sensors/EXO-T06/EXO-06-1-2024_09_26.txt
EXO-06,2,19/07/2024 11:15,26/09/2024 11:15,26/09/2024,1657,NA,65067255,data/data_sensors/EXO-T06/EXO-06-2-2024_09_26.txt
EXO-07,0,26/06/2024 13:45,19/07/2024 11:45,19/07/2024,551,NA,65068521,data/data_sensors/EXO-T07/EXO-07-0-2024_07_19.txt
EXO-07,1,26/06/2024 13:45,19/07/2024 11:45,19/07/2024,551,NA,65068938,data/data_sensors/EXO-T07/EXO-07-1-2024_07_19.txt
EXO-07,2,26/06/2024 13:45,19/07/2024 11:45,19/07/2024,551,NA,65068582,data/data_sensors/EXO-T07/EXO-07-2-2024_07_19.txt
EXO-07,0,18/04/2024 12:15,26/06/2024 13:15,26/06/2024,1658,NA,65068521,data/data_sensors/EXO-T07/EXO-07-0-2024_06_26.txt
EXO-07,1,18/04/2024 12:15,26/06/2024 13:15,26/06/2024,1658,NA,65068938,data/data_sensors/EXO-T07/EXO-07-1-2024_06_26.txt
EXO-07,2,18/04/2024 12:15,26/06/2024 13:15,26/06/2024,1658,NA,65068582,data/data_sensors/EXO-T07/EXO-07-2-2024_06_26.txt
EXO-07,0,19/07/2024 12:30,26/09/2024 12:30,26/09/2024,1657,NA,65068521,data/data_sensors/EXO-T07/EXO-07-0-2024_09_26.txt
EXO-07,1,19/07/2024 12:30,26/09/2024 12:30,26/09/2024,1657,NA,65068938,data/data_sensors/EXO-T07/EXO-07-1-2024_09_26.txt
EXO-07,2,19/07/2024 12:30,26/09/2024 12:30,26/09/2024,1657,NA,65068582,data/data_sensors/EXO-T07/EXO-07-2-2024_09_26.txt
EXO-08,0,27/06/2024 08:30,20/07/2024 16:30,20/07/2024,561,NA,65068798,data/data_sensors/EXO-T08/EXO-08-0-2024_07_20.txt
EXO-08,1,27/06/2024 08:30,20/07/2024 16:30,20/07/2024,561,NA,65006540,data/data_sensors/EXO-T08/EXO-08-1-2024_07_20.txt
EXO-08,2,27/06/2024 08:30,20/07/2024 16:30,20/07/2024,561,NA,65067139,data/data_sensors/EXO-T08/EXO-08-2-2024_07_20.txt
EXO-08,0,09/04/2024 11:30,25/06/2024 10:30,25/06/2024,1848,NA,65068798,data/data_sensors/EXO-T08/EXO-08-0-2024_06_25.txt
EXO-08,1,09/04/2024 11:30,25/06/2024 10:30,25/06/2024,1848,Data logger on the ground,65006540,data/data_sensors/EXO-T08/EXO-08-1-2024_06_25.txt
EXO-08,2,09/04/2024 11:30,25/06/2024 10:30,25/06/2024,1848,Data logger on the ground,65067139,data/data_sensors/EXO-T08/EXO-08-2-2024_06_25.txt
EXO-08,0,20/07/2024 16:45,25/09/2024 08:45,25/09/2024,1601,NA,65068798,data/data_sensors/EXO-T08/EXO-08-0-2024_09_25.txt
EXO-08,1,20/07/2024 16:45,25/09/2024 08:45,25/09/2024,1601,NA,65006540,data/data_sensors/EXO-T08/EXO-08-1-2024_09_25.txt
EXO-08,2,20/07/2024 16:45,25/09/2024 08:45,25/09/2024,1601,NA,65067139,data/data_sensors/EXO-T08/EXO-08-2-2024_09_25.txt
EXO-09,0,27/06/2024 10:00,27/06/2024 12:00,20/07/2024,3,Data logger stopped,65006642,data/data_sensors/EXO-T09/EXO-09-0-2024_07_20.txt
EXO-09,1,27/06/2024 10:15,20/07/2024 18:15,20/07/2024,561,NA,65067227,data/data_sensors/EXO-T09/EXO-09-1-2024_07_20.txt
EXO-09,2,27/06/2024 10:15,20/07/2024 18:15,20/07/2024,561,NA,65006556,data/data_sensors/EXO-T09/EXO-09-2-2024_07_20.txt
EXO-09,1,27/05/2024 11:30,27/06/2024 09:30,27/06/2024,743,NA,65067227,data/data_sensors/EXO-T09/EXO-09-1-2024_06_27.txt
EXO-09,2,27/05/2024 11:30,27/06/2024 09:30,27/06/2024,743,NA,65006556,data/data_sensors/EXO-T09/EXO-09-2-2024_06_27.txt
EXO-09,0,21/03/2024 12:30,27/05/2024 09:30,27/05/2024,1606,NA,10220716,data/data_sensors/EXO-T09/EXO-09-0-2024_05_27.txt
EXO-09,1,21/03/2024 12:30,22/03/2024 11:30,27/05/2024,24,Data logger failed Data logger replacement,65006642,data/data_sensors/EXO-T09/EXO-09-1-2024_05_27.txt
EXO-09,2,21/03/2024 12:30,27/05/2024 10:30,27/05/2024,1607,NA,65006556,data/data_sensors/EXO-T09/EXO-09-2-2024_05_27.txt
EXO-09,1,20/07/2024 18:30,27/09/2024 11:30,27/09/2024,1650,NA,65067227,data/data_sensors/EXO-T09/EXO-09-1-2024_09_27.txt
EXO-09,2,20/07/2024 18:30,27/09/2024 11:30,27/09/2024,1650,NA,65006556,data/data_sensors/EXO-T09/EXO-09-2-2024_09_27.txt
EXO-10,0,27/05/2024 09:30,20/07/2024 17:30,20/07/2024,1305,NA,134,data/data_sensors/EXO-T10/EXO-10-0-2024_07_20.txt
EXO-10,1,27/05/2024 09:30,20/07/2024 17:30,20/07/2024,1305,NA,653,data/data_sensors/EXO-T10/EXO-10-1-2024_07_20.txt
EXO-10,2,27/05/2024 09:30,20/07/2024 17:30,20/07/2024,,NA,347,data/data_sensors/EXO-T10/EXO-10-2-2024_07_20.txt
EXO-10,0,21/03/2024 11:00,27/05/2024 08:00,27/05/2024,1606,NA,134,data/data_sensors/EXO-T10/EXO-10-0-2024_05_27.txt
EXO-10,1,21/03/2024 11:00,27/05/2024 08:00,27/05/2024,1606,NA,653,data/data_sensors/EXO-T10/EXO-10-1-2024_05_27.txt
EXO-10,2,21/03/2024 11:00,27/05/2024 08:00,27/05/2024,1606,NA,347,data/data_sensors/EXO-T10/EXO-10-2-2024_05_27.txt
EXO-10,0,20/07/2024 17:30,25/09/2024 09:30,25/09/2024,1601,NA,134,data/data_sensors/EXO-T10/EXO-10-0-2024_09_25.txt
EXO-10,1,20/07/2024 17:30,25/09/2024 09:30,25/09/2024,1601,NA,653,data/data_sensors/EXO-T10/EXO-10-1-2024_09_25.txt
EXO-10,2,20/07/2024 17:30,25/09/2024 09:30,25/09/2024,1601,NA,347,data/data_sensors/EXO-T10/EXO-10-2-2024_09_25.txt
TER-NFBF-T-01,0,12/06/2024 11:00,19/08/2024 10:00,19/08/2024,1632,NA,65068594,data/data_sensors/T01/T01-0-2024_08_19.txt
TER-NFBF-T-01,1,12/06/2024 11:00,21/07/2024 06:00,19/08/2024,932,Data logger stopped,10222279,data/data_sensors/T01/T01-1-2024_08_19.txt
TER-NFBF-T-01,2,12/06/2024 11:00,18/08/2024 02:00,19/08/2024,1600,Data logger stopped,10220393,data/data_sensors/T01/T01-2-2024_08_19.txt
TER-NFBF-T-01,0,13/03/2024 15:30,12/06/2024 09:30,12/06/2024,2179,NA,65068594,data/data_sensors/T01/T01-0-2024_06_12.txt
TER-NFBF-T-01,1,13/03/2024 15:45,21/04/2024 10:45,12/06/2024,932,Battery replacement,10222279,data/data_sensors/T01/T01-1-2024_06_12.txt
TER-NFBF-T-01,2,13/03/2024 15:45,22/05/2024 12:45,12/06/2024,1678,Data logger on the ground Battery replacement,10220393,data/data_sensors/T01/T01-2-2024_06_12.txt
TER-NFBF-T-01,0,09/12/2023 10:12,13/03/2024 15:12,13/03/2024,2286,NA,65068594,data/data_sensors/T01/T01-0-2024_03_13.txt
TER-NFBF-T-01,1,09/12/2023 10:15,13/03/2024 15:15,13/03/2024,2286,NA,10222279,data/data_sensors/T01/T01-1-2024_03_13.txt
TER-NFBF-T-01,2,09/12/2023 10:17,12/03/2024 11:17,13/03/2024,2258,NA,10220393,data/data_sensors/T01/T01-2-2024_03_13.txt
TER-NFBF-T-01,0,18/09/2023 11:30,23/09/2023 04:30,09/12/2023,114,Data logger replacement,65006686,data/data_sensors/T01/T01-0-2023_12_09.txt
TER-NFBF-T-01,1,18/09/2023 11:30,09/12/2023 11:30,09/12/2023,1969,NA,10222279,data/data_sensors/T01/T01-1-2023_12_09.txt
TER-NFBF-T-01,2,18/09/2023 11:05,09/12/2023 11:05,09/12/2023,1969,NA,10220393,data/data_sensors/T01/T01-2-2023_12_09.txt
TER-NFBF-T-01,0,19/08/2024 10:30,12/09/2024 09:30,12/09/2024,576,NA,65068594,data/data_sensors/T01/T01-0-2024_09_12.txt
TER-NFBF-T-02,0,17/06/2024 12:30,18/08/2024 18:30,18/08/2024,1495,NA,65069009,data/data_sensors/T02/T02-0-2024_08_18.txt
TER-NFBF-T-02,1,17/06/2024 12:30,18/08/2024 18:30,18/08/2024,1495,NA,65067142,data/data_sensors/T02/T02-1-2024_08_18.txt
TER-NFBF-T-02,2,17/06/2024 12:30,18/08/2024 18:30,18/08/2024,1495,NA,65068503,data/data_sensors/T02/T02-2-2024_08_18.txt
TER-NFBF-T-02,0,12/03/2024 14:30,17/06/2024 11:30,17/06/2024,2326,NA,65069009,data/data_sensors/T02/T02-0-2024_06_17.txt
TER-NFBF-T-02,1,12/03/2024 14:30,17/06/2024 10:30,17/06/2024,2325,Data logger on the ground,65067142,data/data_sensors/T02/T02-1-2024_06_17.txt
TER-NFBF-T-02,2,12/03/2024 14:30,17/06/2024 10:30,17/06/2024,2325,Data logger on the ground,65068503,data/data_sensors/T02/T02-2-2024_06_17.txt
TER-NFBF-T-02,0,11/12/2023 12:22,16/12/2023 03:22,12/03/2024,112,Data logger replacement,10220096,data/data_sensors/T02/T02-0-2024_03_12.txt
TER-NFBF-T-02,1,11/12/2023 12:25,11/02/2024 22:25,12/03/2024,1499,Data logger replacement,65006670,data/data_sensors/T02/T02-1-2024_03_12.txt
TER-NFBF-T-02,2,11/12/2023 12:28,09/01/2024 13:28,12/03/2024,698,Data logger replacement,10222089,data/data_sensors/T02/T02-2-2024_03_12.txt
TER-NFBF-T-02,0,10/08/2023 13:00,03/11/2023 09:00,11/12/2023,2037,NA,10220096,data/data_sensors/T02/T02-0-2023_12_11.txt
TER-NFBF-T-02,1,10/08/2023 13:00,21/10/2023 18:00,11/12/2023,1734,NA,65006670,data/data_sensors/T02/T02-1-2023_12_11.txt
TER-NFBF-T-02,2,10/08/2023 13:00,11/12/2023 14:00,11/12/2023,2954,NA,10222089,data/data_sensors/T02/T02-2-2023_12_11.txt
TER-NFBF-T-02,0,18/08/2024 18:45,17/09/2024 09:45,17/09/2024,712,NA,65069009,data/data_sensors/T02/T02-0-2024_09_17.txt
TER-NFBF-T-02,1,18/08/2024 18:45,17/09/2024 09:45,17/09/2024,712,NA,65067142,data/data_sensors/T02/T02-1-2024_09_17.txt
TER-NFBF-T-02,2,18/08/2024 18:45,17/09/2024 09:45,17/09/2024,712,NA,65068503,data/data_sensors/T02/T02-2-2024_09_17.txt
TER-NFBF-T01,0,2024-09-12 09:45:46,2024-12-18 03:45:46,2024-12-18,2323,NA,65068594,data/data_sensors/T01/T01-0-2024_12_18.txt
TER-NFBF-T02,0,2024-09-17 10:00:07,2024-10-27 16:00:07,2024-12-18,967,NA,65069009,data/data_sensors/T02/T02-0-2024_12_18.txt
TER-NFBF-T02,1,2024-09-17 10:00:10,2024-12-18 15:00:10,2024-12-18,2214,NA,65067142,data/data_sensors/T02/T02-1-2024_12_18.txt
TER-NFBF-T02,2,2024-09-17 10:00:22,2024-12-18 16:00:22,2024-12-18,2215,NA,65068503,data/data_sensors/T02/T02-2-2024_12_18.txt
TER-NFBF-TP41,1,24/06/2024 09:00,16/08/2024 10:00,16/08/2024,1274,NA,65069025,data/data_sensors/TP41/TP41-1-2024_08_16.txt
TER-NFBF-TP41,2,24/06/2024 09:00,16/08/2024 10:00,16/08/2024,1274,NA,65069112,data/data_sensors/TP41/TP41-2-2024_08_16.txt
TER-NFBF-TP41,0,12/03/2024 10:00,21/03/2024 15:00,24/06/2024,222,Data logger replacement,10220275,data/data_sensors/TP41/TP41-0-2024_06_24.txt
TER-NFBF-TP41,1,12/03/2024 10:00,24/06/2024 08:00,24/06/2024,2495,Data logger on the ground,65069025,data/data_sensors/TP41/TP41-1-2024_06_24.txt
TER-NFBF-TP41,2,12/03/2024 10:00,24/06/2024 08:00,24/06/2024,2495,NA,65069112,data/data_sensors/TP41/TP41-2-2024_06_24.txt
TER-NFBF-TP41,0,08/12/2023 14:50,12/03/2024 08:50,12/03/2024,2275,NA,10220275,data/data_sensors/TP41/TP41-0-2024_03_12.txt
TER-NFBF-TP41,1,08/12/2023 14:49,12/03/2024 09:49,12/03/2024,2276,NA,65069025,data/data_sensors/TP41/TP41-1-2024_03_12.txt
TER-NFBF-TP41,2,08/12/2023 14:48,12/03/2024 09:48,12/03/2024,2276,NA,65069112,data/data_sensors/TP41/TP41-2-2024_03_12.txt
TER-NFBF-TP41,0,08/08/2023 10:30,08/12/2023 15:30,08/12/2023,2934,NA,10220275,data/data_sensors/TP41/TP41-0-2023_12_08.txt
TER-NFBF-TP41,1,08/08/2023 10:30,21/08/2023 10:30,08/12/2023,313,Data logger replacement,65006786,data/data_sensors/TP41/TP41-1-2023_12_08.txt
TER-NFBF-TP41,1,16/08/2024 10:30,17/09/2024 12:30,17/09/2024,771,NA,65069025,data/data_sensors/TP41/TP41-1-2024_09_17.txt
TER-NFBF-TP41,2,16/08/2024 10:30,17/09/2024 12:30,17/09/2024,771,NA,65069112,data/data_sensors/TP41/TP41-2-2024_09_17.txt
TER-NFBF-TP41,1,17/09/2024 12:45,11/11/2024 04:45,15/12/2024,1313,NA,65069025,data/data_sensors/TP41/TP41-1-2024_12_15.txt
TER-NFBF-TP41,2,17/09/2024 12:45,15/12/2024 10:45,15/12/2024,2135,NA,65069112,data/data_sensors/TP41/TP41-2-2024_12_15.txt
TER-NFBF-TP41,2,15/12/2024 10:15,13/06/2025 08:15,13/06/2025,4319,NA,65069112,data/data_sensors/TP41/TP41-2-2025_06_13.txt
TER-NFPG-T-33,0,12/03/2024 12:00,14/06/2024 16:00,14/06/2024,2261,NA,65067556,data/data_sensors/T33/T33-0-2024_06_14.txt
TER-NFPG-T-33,1,12/03/2024 12:00,14/06/2024 16:00,14/06/2024,2261,Data logger on the ground,65067386,data/data_sensors/T33/T33-1-2024_06_14.txt
TER-NFPG-T-33,2,12/03/2024 12:00,14/06/2024 16:00,14/06/2024,2261,Data logger on the ground,65068533,data/data_sensors/T33/T33-2-2024_06_14.txt
TER-NFPG-T-33,0,11/12/2023 10:16,12/03/2024 11:16,12/03/2024,2210,NA,65067556,data/data_sensors/T33/T33-0-2024_03_12.txt
TER-NFPG-T-33,1,11/12/2023 10:19,12/03/2024 11:19,12/03/2024,2210,NA,65067386,data/data_sensors/T33/T33-1-2024_03_12.txt
TER-NFPG-T-33,2,11/12/2023 10:22,12/03/2024 11:22,12/03/2024,2210,NA,65068533,data/data_sensors/T33/T33-2-2024_03_12.txt
TER-NFPG-T-33,0,08/08/2023 13:30,30/09/2023 08:30,11/12/2023,1268,Data logger replacement,10221063,data/data_sensors/T33/T33-0-2023_12_11.txt
TER-NFPG-T-33,2,08/08/2023 13:30,09/08/2023 09:30,11/12/2023,21,Data logger replacement,10220716,data/data_sensors/T33/T33-2-2023_12_11.txt
TER-NFPG-T-33,0,14/06/2024 17:30,23/08/2024 17:30,23/08/2024,1681,NA,65067556,data/data_sensors/T33/T33-0-2024_08_23.txt
TER-NFPG-T-33,1,14/06/2024 17:30,23/08/2024 17:30,23/08/2024,1681,NA,65067386,data/data_sensors/T33/T33-1-2024_08_23.txt
TER-NFPG-T-33,2,14/06/2024 17:30,23/08/2024 17:30,23/08/2024,1681,NA,65068533,data/data_sensors/T33/T33-2-2024_08_23.txt
TER-NFPG-T-33,1,23/08/2024 17:45,07/10/2024 19:45,15/12/2024,1083,NA,65067386,data/data_sensors/T33/T33-1-2024_12_15.txt
TER-NFPG-T-33,2,23/08/2024 17:45,15/12/2024 13:45,15/12/2024,2733,NA,65068533,data/data_sensors/T33/T33-2-2024_12_15.txt
TER-NFSB-T07,0,17/06/2024 15:00,16/08/2024 03:00,19/08/2024,1429,Data logger stopped,65067518,data/data_sensors/T07/T07-0-2024_08_19.txt
TER-NFSB-T07,1,17/06/2024 15:00,19/08/2024 14:00,19/08/2024,1512,NA,65067525,data/data_sensors/T07/T07-1-2024_08_19.txt
TER-NFSB-T07,2,17/06/2024 15:00,19/08/2024 14:00,19/08/2024,1512,NA,65067534,data/data_sensors/T07/T07-2-2024_08_19.txt
TER-NFSB-T07,0,16/03/2024 13:30,06/06/2024 17:30,17/06/2024,1973,NA,65067518,data/data_sensors/T07/T07-0-2024_06_17.txt
TER-NFSB-T07,1,16/03/2024 13:30,17/06/2024 13:30,17/06/2024,2233,NA,65067525,data/data_sensors/T07/T07-1-2024_06_17.txt
TER-NFSB-T07,2,16/03/2024 13:30,17/06/2024 13:30,17/06/2024,2233,NA,65067534,data/data_sensors/T07/T07-2-2024_06_17.txt
TER-NFSB-T07,0,11/12/2023 15:33,11/01/2024 16:33,16/03/2024,746,New set up,65067518,data/data_sensors/T07/T07-0-2024_03_16.txt
TER-NFSB-T07,1,11/12/2023 15:28,16/03/2024 12:28,16/03/2024,2302,New set up,65067525,data/data_sensors/T07/T07-1-2024_03_16.txt
TER-NFSB-T07,2,11/12/2023 15:19,16/03/2024 12:19,16/03/2024,2302,New set up,65067534,data/data_sensors/T07/T07-2-2024_03_16.txt
TER-NFSB-T07,1,19/08/2024 15:15,17/09/2024 15:15,17/09/2024,697,NA,65067525,data/data_sensors/T07/T07-1-2024_09_17.txt
TER-NFSB-T07,2,19/08/2024 15:15,17/09/2024 15:15,17/09/2024,697,NA,65067534,data/data_sensors/T07/T07-2-2024_09_17.txt
TER-NFSB-T07,1,2024-09-17 15:15:02,2024-12-18 19:15:02,2024-12-18,2213,NA,65067525,data/data_sensors/T07/T07-1-2024_12_18.txt
TER-NFSB-T07,2,2024-09-17 15:15:24,2024-11-19 02:15:24,2024-12-18,1500,NA,65067534,data/data_sensors/T07/T07-2-2024_12_18.txt
TER-NFSB-T164B,0,19/03/2024 16:10,20/06/2024 11:10,20/06/2024,2228,NA,65068608,data/data_sensors/T164B/T164B-0-2024_06_20.txt
TER-NFSB-T164B,1,19/03/2024 16:00,20/06/2024 11:00,20/06/2024,2228,NA,65067552,data/data_sensors/T164B/T164B-1-2024_06_20.txt
TER-NFSB-T164B,2,19/03/2024 16:00,20/06/2024 11:00,20/06/2024,2228,NA,65067454,data/data_sensors/T164B/T164B-2-2024_06_20.txt
TER-NFSB-T164B,0,10/12/2023 11:38,19/03/2024 15:38,19/03/2024,2405,NA,65068608,data/data_sensors/T164B/T164B-0-2024_03_19.txt
TER-NFSB-T164B,1,10/12/2023 11:41,19/03/2024 15:41,19/03/2024,2405,Data logger on the ground,65067552,data/data_sensors/T164B/T164B-1-2024_03_19.txt
TER-NFSB-T164B,2,10/12/2023 11:43,19/03/2024 15:43,19/03/2024,2405,NA,65067454,data/data_sensors/T164B/T164B-2-2024_03_19.txt
TER-NFSB-T164B,0,11/08/2023 13:30,16/10/2023 08:30,10/12/2023,1580,Data logger replacement,10220438,data/data_sensors/T164B/T164B-0-2023_12_10.txt
TER-NFSB-T164B,1,11/08/2023 13:30,15/09/2023 21:30,10/12/2023,849,Data logger replacement,65006642,data/data_sensors/T164B/T164B-1-2023_12_10.txt
TER-NFSB-T164B,2,11/08/2023 13:30,26/10/2023 05:30,10/12/2023,1817,Data logger replacement,65006556,data/data_sensors/T164B/T164B-2-2023_12_10.txt
TER-NFSB-T164B,0,20/06/2024 12:30,23/08/2024 09:30,23/08/2024,1534,NA,65068608,data/data_sensors/T164B/T164B-0-2024_08_23.txt
TER-NFSB-T164B,1,20/06/2024 12:30,23/08/2024 09:30,23/08/2024,1534,NA,65067552,data/data_sensors/T164B/T164B-1-2024_08_23.txt
TER-NFSB-T164B,2,20/06/2024 12:30,23/08/2024 09:30,23/08/2024,1534,NA,65067454,data/data_sensors/T164B/T164B-2-2024_08_23.txt
TER-NFSB-T164B,0,2024-08-23 10:15:26,2025-01-04 10:15:26,2025-01-04,3217,NA,65068608,data/data_sensors/T164B/T164B-0-2025_01_04.txt
TER-NFSB-T164B,1,2024-08-23 10:15:44,2025-01-04 10:15:44,2025-01-04,3217,NA,65067552,data/data_sensors/T164B/T164B-1-2025_01_04.txt
TER-NFSB-T164B,2,2024-08-23 10:15:34,2025-01-04 10:15:34,2025-01-04,3217,NA,65067454,data/data_sensors/T164B/T164B-2-2025_01_04.txt
TER-NFSB-TE48,0,16/05/2024 11:30,16/05/2024 21:30,12/06/2024,11,Data logger replacement,65069027,data/data_sensors/TE48/TE48-0-2024_06_12.txt
TER-NFSB-TE48,1,16/05/2024 11:30,12/06/2024 17:30,12/06/2024,655,NA,10221699,data/data_sensors/TE48/TE48-1-2024_06_12.txt
TER-NFSB-TE48,2,16/05/2024 11:30,16/05/2024 12:30,12/06/2024,2,Data logger replacement,65006290,data/data_sensors/TE48/TE48-2-2024_06_12.txt
TER-NFSB-TE48,0,17/03/2024 11:30,16/05/2024 10:30,16/05/2024,1440,NA,65069027,data/data_sensors/TE48/TE48-0-2024_05_16.txt
TER-NFSB-TE48,1,17/03/2024 11:30,16/05/2024 10:30,16/05/2024,1440,NA,10221699,data/data_sensors/TE48/TE48-1-2024_05_16.txt
TER-NFSB-TE48,2,17/03/2024 11:30,27/03/2024 14:30,16/05/2024,244,Battery replacement,65006290,data/data_sensors/TE48/TE48-2-2024_05_16.txt
TER-NFSB-TE48,0,08/12/2023 09:31,17/03/2024 10:31,17/03/2024,2402,NA,65069027,data/data_sensors/TE48/TE48-0-2024_03_17.txt
TER-NFSB-TE48,1,08/12/2023 09:39,17/03/2024 10:39,17/03/2024,2402,NA,10221699,data/data_sensors/TE48/TE48-1-2024_03_17.txt
TER-NFSB-TE48,2,08/12/2023 09:36,09/01/2024 15:36,17/03/2024,775,Battery replacement,65006290,data/data_sensors/TE48/TE48-2-2024_03_17.txt
TER-NFSB-TE48,0,11/09/2023 17:30,29/09/2023 06:30,08/12/2023,422,Data logger replacement,65006424,data/data_sensors/TE48/TE48-0-2023_12_08.txt
TER-NFSB-TE48,1,11/09/2023 17:30,08/12/2023 10:30,08/12/2023,2106,NA,10221699,data/data_sensors/TE48/TE48-1-2023_12_08.txt
TER-NFSB-TE48,2,11/09/2023 17:30,08/12/2023 10:30,08/12/2023,2106,NA,65006290,data/data_sensors/TE48/TE48-2-2023_12_08.txt
TER-NFSB-TE48,0,12/06/2024 18:15,12/09/2024 12:15,12/09/2024,2203,NA,65068514,data/data_sensors/TE48/TE48-0-2024_09_12.txt
TER-NFSB-TE48,1,12/06/2024 18:15,12/09/2024 12:15,12/09/2024,2203,NA,10221699,data/data_sensors/TE48/TE48-1-2024_09_12.txt
TER-NFSB-TE48,2,12/06/2024 18:09,12/09/2024 12:09,12/09/2024,2203,NA,65067185,data/data_sensors/TE48/TE48-2-2024_09_12.txt
TER-NFSB-TE48,0,2024-09-12 12:30:16,2024-10-06 02:30:16,2024-12-16,567,NA,65068514,data/data_sensors/TE48/TE48-0-2024_12_16.txt
TER-NFSB-TE48,1,2024-09-12 12:30:52,2024-12-16 13:30:52,2024-12-16,2282,NA,10221699,data/data_sensors/TE48/TE48-1-2024_12_16.txt
TER-NFSB-TE48,2,2024-09-12 12:30:59,2024-12-16 13:30:59,2024-12-16,2282,NA,65067185,data/data_sensors/TE48/TE48-2-2024_12_16.txt
TER-NFSB-TE49,0,13/05/2024 11:45,12/06/2024 16:45,12/06/2024,726,NA,65067233,data/data_sensors/TE49/TE49-0-2024_06_12.txt
TER-NFSB-TE49,1,13/05/2024 11:45,12/06/2024 16:45,12/06/2024,726,NA,657,data/data_sensors/TE49/TE49-1-2024_06_12.txt
TER-NFSB-TE49,2,13/05/2024 11:45,12/06/2024 17:45,12/06/2024,727,NA,65067256,data/data_sensors/TE49/TE49-2-2024_06_12.txt
TER-NFSB-TE49,0,03/04/2024 10:30,13/05/2024 11:30,13/05/2024,962,NA,65067233,data/data_sensors/TE49/TE49-0-2024_05_13.txt
TER-NFSB-TE49,2,03/04/2024 10:30,13/05/2024 11:30,13/05/2024,962,NA,65067256,data/data_sensors/TE49/TE49-2-2024_05_13.txt
TER-NFSB-TE49,0,17/03/2024 09:45,03/04/2024 08:45,03/04/2024,408,NA,65067233,data/data_sensors/TE49/TE49-0-2024_04_03.txt
TER-NFSB-TE49,1,17/03/2024 09:45,03/04/2024 08:45,03/04/2024,408,NA,65067140,data/data_sensors/TE49/TE49-1-2024_04_03.txt
TER-NFSB-TE49,2,17/03/2024 09:45,03/04/2024 08:45,03/04/2024,408,NA,65067256,data/data_sensors/TE49/TE49-2-2024_04_03.txt
TER-NFSB-TE49,0,04/03/2024 14:30,17/03/2024 09:30,17/03/2024,308,NA,65067233,data/data_sensors/TE49/TE49-0-2024_03_17.txt
TER-NFSB-TE49,1,04/03/2024 14:30,17/03/2024 09:30,17/03/2024,308,NA,65067140,data/data_sensors/TE49/TE49-1-2024_03_17.txt
TER-NFSB-TE49,2,04/03/2024 14:30,17/03/2024 09:30,17/03/2024,308,NA,65067256,data/data_sensors/TE49/TE49-2-2024_03_17.txt
TER-NFSB-TE49,0,21/02/2024 12:00,04/03/2024 14:00,04/03/2024,291,NA,65067233,data/data_sensors/TE49/TE49-0-2024_03_04.txt
TER-NFSB-TE49,1,21/02/2024 12:00,04/03/2024 14:00,04/03/2024,291,NA,65067140,data/data_sensors/TE49/TE49-1-2024_03_04.txt
TER-NFSB-TE49,2,21/02/2024 12:02,04/03/2024 14:02,04/03/2024,291,NA,65067256,data/data_sensors/TE49/TE49-2-2024_03_04.txt
TER-NFSB-TE49,0,14/02/2024 13:00,21/02/2024 12:00,21/02/2024,165,NA,65067233,data/data_sensors/TE49/TE49-0-2024_02_21.txt
TER-NFSB-TE49,1,14/02/2024 13:00,21/02/2024 12:00,21/02/2024,168,NA,65067140,data/data_sensors/TE49/TE49-1-2024_02_21.txt
TER-NFSB-TE49,2,14/02/2024 13:00,21/02/2024 12:00,21/02/2024,165,NA,65067256,data/data_sensors/TE49/TE49-2-2024_02_21.txt
TER-NFSB-TE49,0,08/12/2023 10:46,29/12/2023 09:46,14/02/2024,507,Data logger replacement,10220613,data/data_sensors/TE49/TE49-0-2024_02_14.txt
TER-NFSB-TE49,2,08/12/2023 10:54,14/01/2024 15:54,14/02/2024,894,Data logger replacement,65006559,data/data_sensors/TE49/TE49-2-2024_02_14.txt
TER-NFSB-TE49,0,11/09/2023 18:30,25/10/2023 07:30,08/12/2023,1046,NA,10220613,data/data_sensors/TE49/TE49-0-2023_12_08.txt
TER-NFSB-TE49,1,11/09/2023 18:30,07/12/2023 07:30,08/12/2023,2078,NA,65006177,data/data_sensors/TE49/TE49-1-2023_12_08.txt
TER-NFSB-TE49,2,11/09/2023 18:30,08/12/2023 11:30,08/12/2023,2107,NA,65006559,data/data_sensors/TE49/TE49-2-2023_12_08.txt
TER-NFSB-TE49,0,12/06/2024 17:30,12/09/2024 13:30,12/09/2024,2205,NA,65067233,data/data_sensors/TE49/TE49-0-2024_09_12.txt
TER-NFSB-TE49,1,12/06/2024 17:30,12/09/2024 13:30,12/09/2024,2205,NA,657,data/data_sensors/TE49/TE49-1-2024_09_12.txt
TER-NFSB-TE49,2,12/06/2024 17:30,12/09/2024 13:30,12/09/2024,2205,NA,65067256,data/data_sensors/TE49/TE49-2-2024_09_12.txt
TER-NFSB-TE49,0,2024-09-12 14:00:27,2024-10-25 01:00:27,2024-12-16,1020,NA,65067233,data/data_sensors/TE49/TE49-0-2024_12_16.txt
TER-NFSB-TE49,1,2024-09-12 14:00:18,2024-10-20 22:00:18,2024-12-16,921,NA,657,data/data_sensors/TE49/TE49-1-2024_12_16.txt
TER-NFSB-TE49,2,2024-09-12 14:00:17,2024-10-08 06:00:17,2024-12-16,617,NA,65067256,data/data_sensors/TE49/TE49-2-2024_12_16.txt
TER-NFTB-T-15,1,15/12/2024 12:30,13/06/2025 09:30,13/06/2025,4318,NA,65069102,data/data_sensors/T15/T15-1-2025_06_13.txt
TER-NFTB-T-15,2,15/12/2024 12:30,13/06/2025 09:30,13/06/2025,4318,NA,65068678,data/data_sensors/T15/T15-2-2025_06_13.txt
TER-NFTB-T-15,0,13/05/2024 14:50,25/05/2024 08:50,11/06/2024,283,Battery replacement,65067217,data/data_sensors/T15/T15-0-2024_06_11.txt
TER-NFTB-T-15,1,13/05/2024 14:45,11/06/2024 15:45,11/06/2024,698,NA,65069102,data/data_sensors/T15/T15-1-2024_06_11.txt
TER-NFTB-T-15,2,13/05/2024 14:45,11/06/2024 15:45,11/06/2024,698,NA,65068678,data/data_sensors/T15/T15-2-2024_06_11.txt
TER-NFTB-T-15,0,05/04/2024 09:15,17/04/2024 03:15,13/05/2024,283,Battery replacement,65067217,data/data_sensors/T15/T15-0-2024_05_13.txt
TER-NFTB-T-15,1,05/04/2024 09:15,13/05/2024 14:15,13/05/2024,918,NA,65069102,data/data_sensors/T15/T15-1-2024_05_13.txt
TER-NFTB-T-15,2,05/04/2024 09:15,13/05/2024 14:15,13/05/2024,918,NA,65068678,data/data_sensors/T15/T15-2-2024_05_13.txt
TER-NFTB-T-15,0,13/03/2024 09:30,05/04/2024 07:30,05/04/2024,551,NA,65067217,data/data_sensors/T15/T15-0-2024_04_05.txt
TER-NFTB-T-15,1,13/03/2024 09:30,05/04/2024 07:30,05/04/2024,551,NA,65069102,data/data_sensors/T15/T15-1-2024_04_05.txt
TER-NFTB-T-15,2,13/03/2024 09:30,05/04/2024 07:30,05/04/2024,551,NA,65068678,data/data_sensors/T15/T15-2-2024_04_05.txt
TER-NFTB-T-15,0,23/02/2024 12:45,13/03/2024 09:45,13/03/2024,454,NA,65067217,data/data_sensors/T15/T15-0-2024_03_13.txt
TER-NFTB-T-15,1,23/02/2024 12:45,13/03/2024 09:45,13/03/2024,454,NA,65069102,data/data_sensors/T15/T15-1-2024_03_13.txt
TER-NFTB-T-15,2,23/02/2024 12:45,13/03/2024 09:45,13/03/2024,454,NA,65068678,data/data_sensors/T15/T15-2-2024_03_13.txt
TER-NFTB-T-15,0,16/02/2024 10:30,23/02/2024 12:30,23/02/2024,171,NA,65067217,data/data_sensors/T15/T15-0-2024_02_23.txt
TER-NFTB-T-15,1,16/02/2024 10:30,23/02/2024 12:30,23/02/2024,171,NA,65069102,data/data_sensors/T15/T15-1-2024_02_23.txt
TER-NFTB-T-15,2,16/02/2024 10:30,23/02/2024 12:30,23/02/2024,171,NA,65068678,data/data_sensors/T15/T15-2-2024_02_23.txt
TER-NFTB-T-15,0,23/01/2024 14:20,16/02/2024 09:20,16/02/2024,572,NA,65067217,data/data_sensors/T15/T15-0-2024_02_16.txt
TER-NFTB-T-15,1,23/01/2024 14:20,16/02/2024 09:20,16/02/2024,572,NA,65069102,data/data_sensors/T15/T15-1-2024_02_16.txt
TER-NFTB-T-15,2,23/01/2024 14:20,16/02/2024 09:20,16/02/2024,572,NA,65068678,data/data_sensors/T15/T15-2-2024_02_16.txt
TER-NFTB-T-15,1,13/12/2023 11:07,23/01/2024 14:07,23/01/2024,988,NA,65069102,data/data_sensors/T15/T15-1-2024_01_23.txt
TER-NFTB-T-15,2,13/12/2023 11:10,23/01/2024 14:10,23/01/2024,988,NA,65068678,data/data_sensors/T15/T15-2-2024_01_23.txt
TER-NFTB-T-15,0,17/11/2023 11:30,13/12/2023 10:30,13/12/2023,624,Data logger replacement,65067140,data/data_sensors/T15/T15-0-2023_12_13.txt
TER-NFTB-T-15,1,17/11/2023 11:30,13/12/2023 10:30,13/12/2023,624,NA,65069102,data/data_sensors/T15/T15-1-2023_12_13.txt
TER-NFTB-T-15,2,17/11/2023 11:30,13/12/2023 10:30,13/12/2023,624,NA,65068678,data/data_sensors/T15/T15-2-2023_12_13.txt
TER-NFTB-T-15,0,11/06/2024 16:30,23/06/2024 10:30,23/08/2024,283,Battery replacement,65067217,data/data_sensors/T15/T15-0-2024_08_23.txt
TER-NFTB-T-15,1,11/06/2024 16:30,23/08/2024 16:30,23/08/2024,1753,NA,65069102,data/data_sensors/T15/T15-1-2024_08_23.txt
TER-NFTB-T-15,2,11/06/2024 16:30,23/08/2024 16:30,23/08/2024,1753,NA,65068678,data/data_sensors/T15/T15-2-2024_08_23.txt
TER-NFTB-T-15,1,23/08/2024 16:30,11/09/2024 12:30,11/09/2024,453,NA,65069102,data/data_sensors/T15/T15-1-2024_09_11.txt
TER-NFTB-T-15,2,23/08/2024 16:30,11/09/2024 12:30,11/09/2024,453,NA,65068678,data/data_sensors/T15/T15-2-2024_09_11.txt
TER-NFTB-T-15,0,11/09/2024 12:45,20/10/2024 07:45,15/12/2024,932,NA,10222279,data/data_sensors/T15/T15-0-2024_12_15.txt
TER-NFTB-T-15,1,11/09/2024 12:45,15/12/2024 13:45,15/12/2024,2282,NA,65069102,data/data_sensors/T15/T15-1-2024_12_15.txt
TER-NFTB-T-15,2,11/09/2024 12:45,15/12/2024 12:45,15/12/2024,2281,NA,65068678,data/data_sensors/T15/T15-2-2024_12_15.txt
TER-NFTB-T18-ORIGINAL,2,15/12/2024 11:15,13/06/2025 09:15,13/06/2025,4319,NA,65068192,data/data_sensors/T18/T18-2-2025_06_13.txt
TER-NFTB-T18-ORIGINAL,0,13/05/2024 15:55,11/06/2024 18:55,11/06/2024,700,NA,10221043,data/data_sensors/T18/T18-0-2024_06_11.txt
TER-NFTB-T18-ORIGINAL,1,13/05/2024 15:50,11/06/2024 18:50,11/06/2024,700,NA,65006784,data/data_sensors/T18/T18-1-2024_06_11.txt
TER-NFTB-T18-ORIGINAL,2,13/05/2024 15:50,11/06/2024 18:50,11/06/2024,700,NA,65068192,data/data_sensors/T18/T18-2-2024_06_11.txt
TER-NFTB-T18-ORIGINAL,0,05/04/2024 10:15,13/05/2024 15:15,13/05/2024,918,NA,10221043,data/data_sensors/T18/T18-0-2024_05_13.txt
TER-NFTB-T18-ORIGINAL,1,05/04/2024 10:15,13/05/2024 15:15,13/05/2024,918,NA,65006784,data/data_sensors/T18/T18-1-2024_05_13.txt
TER-NFTB-T18-ORIGINAL,2,05/04/2024 10:15,13/05/2024 15:15,13/05/2024,918,NA,65068192,data/data_sensors/T18/T18-2-2024_05_13.txt
TER-NFTB-T18-ORIGINAL,0,13/03/2024 10:30,05/04/2024 08:30,05/04/2024,551,Over saturation humidity,10221043,data/data_sensors/T18/T18-0-2024_04_05.txt
TER-NFTB-T18-ORIGINAL,1,13/03/2024 10:35,05/04/2024 08:35,05/04/2024,551,NA,65006784,data/data_sensors/T18/T18-1-2024_04_05.txt
TER-NFTB-T18-ORIGINAL,2,13/03/2024 10:30,05/04/2024 08:30,05/04/2024,551,NA,65068192,data/data_sensors/T18/T18-2-2024_04_05.txt
TER-NFTB-T18-ORIGINAL,0,23/02/2024 14:00,13/03/2024 10:00,13/03/2024,453,NA,10221043,data/data_sensors/T18/T18-0-2024_03_13.txt
TER-NFTB-T18-ORIGINAL,1,23/02/2024 14:00,13/03/2024 10:00,13/03/2024,453,NA,65006784,data/data_sensors/T18/T18-1-2024_03_13.txt
TER-NFTB-T18-ORIGINAL,2,23/02/2024 14:00,13/03/2024 10:00,13/03/2024,453,NA,65068192,data/data_sensors/T18/T18-2-2024_03_13.txt
TER-NFTB-T18-ORIGINAL,0,16/02/2024 11:30,23/02/2024 13:30,23/02/2024,171,NA,10221043,data/data_sensors/T18/T18-0-2024_02_23.txt
TER-NFTB-T18-ORIGINAL,1,16/02/2024 11:30,23/02/2024 13:30,23/02/2024,171,NA,65006784,data/data_sensors/T18/T18-1-2024_02_23.txt
TER-NFTB-T18-ORIGINAL,2,16/02/2024 11:30,23/02/2024 13:30,23/02/2024,171,NA,65068192,data/data_sensors/T18/T18-2-2024_02_23.txt
TER-NFTB-T18-ORIGINAL,0,23/01/2024 15:15,16/02/2024 10:15,16/02/2024,572,NA,10221043,data/data_sensors/T18/T18-0-2024_02_16.txt
TER-NFTB-T18-ORIGINAL,1,23/01/2024 15:15,16/02/2024 10:15,16/02/2024,572,NA,65006784,data/data_sensors/T18/T18-1-2024_02_16.txt
TER-NFTB-T18-ORIGINAL,2,23/01/2024 15:15,16/02/2024 10:15,16/02/2024,572,NA,65068192,data/data_sensors/T18/T18-2-2024_02_16.txt
TER-NFTB-T18-ORIGINAL,0,17/01/2024 10:58,23/01/2024 14:58,23/01/2024,149,NA,10221043,data/data_sensors/T18/T18-0-2024_01_23.txt
TER-NFTB-T18-ORIGINAL,1,17/01/2024 11:01,23/01/2024 15:01,23/01/2024,149,NA,65006784,data/data_sensors/T18/T18-1-2024_01_23.txt
TER-NFTB-T18-ORIGINAL,2,17/01/2024 11:04,23/01/2024 15:04,23/01/2024,149,NA,65068192,data/data_sensors/T18/T18-2-2024_01_23.txt
TER-NFTB-T18-ORIGINAL,0,13/12/2023 13:07,16/12/2023 09:07,17/01/2024,69,Battery replacement,10221043,data/data_sensors/T18/T18-0-2024_01_17.txt
TER-NFTB-T18-ORIGINAL,1,13/12/2023 13:13,17/01/2024 10:13,17/01/2024,838,NA,65006784,data/data_sensors/T18/T18-1-2024_01_17.txt
TER-NFTB-T18-ORIGINAL,2,13/12/2023 13:15,17/01/2024 10:15,17/01/2024,838,NA,65068192,data/data_sensors/T18/T18-2-2024_01_17.txt
TER-NFTB-T18-ORIGINAL,0,30/11/2023 15:48,13/12/2023 12:48,13/12/2023,310,NA,10221043,data/data_sensors/T18/T18-0-2023_12_13.txt
TER-NFTB-T18-ORIGINAL,1,30/11/2023 15:50,13/12/2023 12:50,13/12/2023,310,NA,65006784,data/data_sensors/T18/T18-1-2023_12_13.txt
TER-NFTB-T18-ORIGINAL,2,30/11/2023 15:52,13/12/2023 12:52,13/12/2023,310,NA,65068192,data/data_sensors/T18/T18-2-2023_12_13.txt
TER-NFTB-T18-ORIGINAL,0,23/11/2023 15:16,30/11/2023 15:16,30/11/2023,169,NA,10221043,data/data_sensors/T18/T18-0-2023_11_30.txt
TER-NFTB-T18-ORIGINAL,1,23/11/2023 15:18,30/11/2023 15:18,30/11/2023,169,NA,65006784,data/data_sensors/T18/T18-1-2023_11_30.txt
TER-NFTB-T18-ORIGINAL,2,23/11/2023 15:24,23/11/2023 20:24,30/11/2023,6,Data logger replacement,65006540,data/data_sensors/T18/T18-2-2023_11_30.txt
TER-NFTB-T18-ORIGINAL,0,08/08/2023 12:00,29/08/2023 10:00,23/11/2023,503,NA,10221043,data/data_sensors/T18/T18-0-2023_11_23.txt
TER-NFTB-T18-ORIGINAL,1,08/08/2023 12:00,23/11/2023 16:00,23/11/2023,2573,NA,65006784,data/data_sensors/T18/T18-1-2023_11_23.txt
TER-NFTB-T18-ORIGINAL,2,08/08/2023 12:00,01/10/2023 13:00,23/11/2023,1298,Battery replacement,65006540,data/data_sensors/T18/T18-2-2023_11_23.txt
TER-NFTB-T18-ORIGINAL,1,11/06/2024 19:00,23/08/2024 14:00,23/08/2024,1748,NA,65006784,data/data_sensors/T18/T18-1-2024_08_23.txt
TER-NFTB-T18-ORIGINAL,2,11/06/2024 19:02,23/08/2024 14:02,23/08/2024,1748,NA,65068192,data/data_sensors/T18/T18-2-2024_08_23.txt
TER-NFTB-T18-ORIGINAL,0,11/06/2024 19:00,10/07/2024 22:00,23/08/2024,700,Data logger stopped,10221043,data/data_sensors/T18/T18-0-2024-08-23.txt
TER-NFTB-T18-ORIGINAL,1,23/08/2024 15:00,11/09/2024 10:00,11/09/2024,452,NA,65006784,data/data_sensors/T18/T18-1-2024_09_11.txt
TER-NFTB-T18-ORIGINAL,2,23/08/2024 15:00,11/09/2024 10:00,11/09/2024,452,NA,65068192,data/data_sensors/T18/T18-2-2024_09_11.txt
TER-NFTB-T18-ORIGINAL,0,11/09/2024 11:00,18/10/2024 09:00,15/12/2024,887,NA,65067518,data/data_sensors/T18/T18-0-2024_12_15.txt
TER-NFTB-T18-ORIGINAL,1,11/09/2024 11:00,08/11/2024 11:00,15/12/2024,1393,NA,65006784,data/data_sensors/T18/T18-1-2024_12_15.txt
TER-NFTB-T18-ORIGINAL,2,11/09/2024 11:00,15/12/2024 12:00,15/12/2024,2282,NA,65068192,data/data_sensors/T18/T18-2-2024_12_15.txt
