"VIF value";"variable"
1.85488426637673;"energy_tot"
1.21042099833736;"canopy_openess"
1.73527578570313;"northness"
1.47008839770462;"eastness"
3.41658863416326;"ENL0D"
1.89553107110694;"SSCI"
2.43512477907735;"Elevation"
1.96362635487407;"Slope_30"
4.54067303843558;"foliage_height_diversity"
1.0344188941517;"season_sin"
1.16989253775918;"season_cos"
1.20706698939867;"energy_tot:canopy_openess"
1.71840392085331;"energy_tot:northness"
1.4945411744835;"energy_tot:eastness"
3.43960634247335;"energy_tot:ENL0D"
1.92935963082968;"energy_tot:SSCI"
2.46974357514763;"energy_tot:Elevation"
2.02299885306241;"energy_tot:Slope_30"
4.627456327494;"energy_tot:foliage_height_diversity"
1.03357566049731;"energy_tot:season_sin"
1.68580816247934;"energy_tot:season_cos"
